timeStamp,elapsed,label,responseCode,responseMessage,threadName,dataType,success,failureMessage,bytes,sentBytes,grpThreads,allThreads,URL,Latency,IdleTime,Connect
1652278453104,29,HomePage - http://localhost:5000/Home,200,OK,CSV Data Set Config 3-1,text,true,,2021,601,1,4,http://localhost:5000/Home,28,0,17
1652278453104,29,HomePage - http://localhost:5000/Home,200,OK,Loop Controller 2-1,text,true,,2021,601,1,4,http://localhost:5000/Home,28,0,17
1652278453104,29,HomePage - http://localhost:5000/Home,200,OK,Load Testing 1-1,text,true,,2021,601,1,4,http://localhost:5000/Home,28,0,17
1652278453134,6,LoginPage,200,OK,Loop Controller 2-1,text,true,,2021,729,1,4,http://localhost:5000/,6,0,0
1652278453134,6,LoginPage,200,OK,CSV Data Set Config 3-1,text,true,,2021,729,1,4,http://localhost:5000/,6,0,0
1652278453134,6,LoginPage,200,OK,Load Testing 1-1,text,true,,2021,739,1,4,http://localhost:5000/,6,0,0
1652278453141,3,Account Profile - http://localhost:5000/Account/Profile,200,OK,Load Testing 1-1,text,true,,2047,789,1,4,http://localhost:5000/Account/Profile,3,0,0
1652278453141,3,Account Profile - http://localhost:5000/Account/Profile,200,OK,CSV Data Set Config 3-1,text,true,,2047,789,1,4,http://localhost:5000/Account/Profile,3,0,0
1652278453141,3,Account Profile - http://localhost:5000/Account/Profile,200,OK,Loop Controller 2-1,text,true,,2047,698,1,4,http://localhost:5000/Account/Profile,3,0,0
1652278453145,4,Input Account Profile - http://localhost:5000/Account/Profile,200,OK,Loop Controller 2-1,text,true,,2047,906,1,4,http://localhost:5000/Account/Profile,4,0,0
1652278453145,4,Input Account Profile - http://localhost:5000/Account/Profile,200,OK,Load Testing 1-1,text,true,,2047,906,1,4,http://localhost:5000/Account/Profile,4,0,0
1652278453145,4,Input Account Profile - http://localhost:5000/Account/Profile,200,OK,CSV Data Set Config 3-1,text,true,,2047,894,1,4,http://localhost:5000/Account/Profile,4,0,0
1652278453150,4,Search Skills - http://localhost:5000/Home/Search?searchString=Automation%20Tester,200,OK,Loop Controller 2-1,text,true,,2200,815,1,4,http://localhost:5000/Home/Search?searchString=Automation%20Tester,4,0,0
1652278453155,3,Search Category - http://localhost:5000/Home/Search?cat=ProgrammingTech&subcat=4,200,OK,Loop Controller 2-1,text,true,,2177,782,1,4,http://localhost:5000/Home/Search?cat=ProgrammingTech&subcat=4,3,0,0
1652278453159,3,Search SubCategory - http://localhost:5000/Home/ServiceDetail?id=622ccd66b082c200015becfa,200,OK,Loop Controller 2-1,text,true,,2186,930,1,4,http://localhost:5000/Home/ServiceDetail?id=622ccd66b082c200015becfa,3,0,0
1652278453163,2,HomePage - http://localhost:5000/Home,200,OK,Loop Controller 2-1,text,true,,2021,601,1,4,http://localhost:5000/Home,2,0,0
1652278453166,2,LoginPage,200,OK,Loop Controller 2-1,text,true,,2021,729,1,4,http://localhost:5000/,2,0,0
1652278453169,2,Account Profile - http://localhost:5000/Account/Profile,200,OK,Loop Controller 2-1,text,true,,2047,698,1,4,http://localhost:5000/Account/Profile,2,0,0
1652278453172,2,Input Account Profile - http://localhost:5000/Account/Profile,200,OK,Loop Controller 2-1,text,true,,2047,906,1,4,http://localhost:5000/Account/Profile,2,0,0
1652278453174,3,Search Skills - http://localhost:5000/Home/Search?searchString=Automation%20Tester,200,OK,Loop Controller 2-1,text,true,,2200,815,1,4,http://localhost:5000/Home/Search?searchString=Automation%20Tester,3,0,0
1652278453178,2,Search Category - http://localhost:5000/Home/Search?cat=ProgrammingTech&subcat=4,200,OK,Loop Controller 2-1,text,true,,2177,782,1,4,http://localhost:5000/Home/Search?cat=ProgrammingTech&subcat=4,2,0,0
1652278453180,3,Search SubCategory - http://localhost:5000/Home/ServiceDetail?id=622ccd66b082c200015becfa,200,OK,Loop Controller 2-1,text,true,,2186,930,1,4,http://localhost:5000/Home/ServiceDetail?id=622ccd66b082c200015becfa,3,0,0
1652278453151,113,Get Categories - http://localhost:51689/listing/listing/getCategories,200,OK,CSV Data Set Config 3-1,text,true,,3799,687,1,3,http://localhost:51689/listing/listing/getCategories,113,0,0
1652278453264,3,Search Skills - http://localhost:5000/Home/Search?searchString=Automation%20Tester,200,OK,CSV Data Set Config 3-1,text,true,,2200,815,1,3,http://localhost:5000/Home/Search?searchString=Automation%20Tester,3,0,0
1652278453267,2,Search Category - http://localhost:5000/Home/Search?cat=ProgrammingTech&subcat=4,200,OK,CSV Data Set Config 3-1,text,true,,2177,782,1,3,http://localhost:5000/Home/Search?cat=ProgrammingTech&subcat=4,2,0,0
1652278453270,2,Search SubCategory - http://localhost:5000/Home/ServiceDetail?id=622ccd66b082c200015becfa,200,OK,CSV Data Set Config 3-1,text,true,,2186,920,1,3,http://localhost:5000/Home/ServiceDetail?id=622ccd66b082c200015becfa,2,0,0
1652278453074,162,CSV Data Set Config Controller,200,"Number of samples in transaction : 8, number of failing samples : 0",CSV Data Set Config 3-1,,true,,18498,6217,1,3,null,161,36,17
1652278453150,1159,Get Categories - http://localhost:51689/listing/listing/getCategories,200,OK,Load Testing 1-1,text,true,,3799,687,1,2,http://localhost:51689/listing/listing/getCategories,1159,0,1
1652278454309,3,Search Skills - http://localhost:5000/Home/Search?searchString=Automation%20Tester,200,OK,Load Testing 1-1,text,true,,2200,815,1,2,http://localhost:5000/Home/Search?searchString=Automation%20Tester,3,0,0
1652278454313,2,Search Category - http://localhost:5000/Home/Search?cat=ProgrammingTech&subcat=4,200,OK,Load Testing 1-1,text,true,,2177,782,1,2,http://localhost:5000/Home/Search?cat=ProgrammingTech&subcat=4,2,0,0
1652278454315,3,Search SubCategory - http://localhost:5000/Home/ServiceDetail?id=622ccd66b082c200015becfa,200,OK,Load Testing 1-1,text,true,,2186,930,1,2,http://localhost:5000/Home/ServiceDetail?id=622ccd66b082c200015becfa,3,0,0
1652278453038,1209,Load Testing Controller,200,"Number of samples in transaction : 8, number of failing samples : 0",Load Testing 1-1,,true,,18498,6249,1,2,null,1208,71,18
1652278458042,4,HomePage - http://localhost:5000/Home,200,OK,Timers_Listerners_Assertions 4-1,text,true,,2021,601,1,1,http://localhost:5000/Home,4,0,0
1652278463094,4,LoginPage,200,OK,Timers_Listerners_Assertions 4-1,text,true,,2021,729,1,1,http://localhost:5000/,4,0,0
1652278468103,4,Account Profile - http://localhost:5000/Account/Profile,200,OK,Timers_Listerners_Assertions 4-1,text,true,,2047,789,1,1,http://localhost:5000/Account/Profile,4,0,0
1652278473113,4,Input Account Profile - http://localhost:5000/Account/Profile,200,OK,Timers_Listerners_Assertions 4-1,text,true,,2047,906,1,1,http://localhost:5000/Account/Profile,4,0,0
1652278478125,109,Get Categories - http://localhost:51689/listing/listing/getCategories,200,OK,Timers_Listerners_Assertions 4-1,text,true,,3799,687,1,1,http://localhost:51689/listing/listing/getCategories,108,0,1
1652278483241,4,Search Skills - http://localhost:5000/Home/Search?searchString=Automation%20Tester,200,OK,Timers_Listerners_Assertions 4-1,text,true,,2200,815,1,1,http://localhost:5000/Home/Search?searchString=Automation%20Tester,4,0,0
1652278488250,4,Search Category - http://localhost:5000/Home/Search?cat=ProgrammingTech&subcat=4,200,OK,Timers_Listerners_Assertions 4-1,text,true,,2177,782,1,1,http://localhost:5000/Home/Search?cat=ProgrammingTech&subcat=4,4,0,0
1652278493258,4,Search SubCategory - http://localhost:5000/Home/ServiceDetail?id=622ccd66b082c200015becfa,200,OK,Timers_Listerners_Assertions 4-1,text,true,,2186,930,1,1,http://localhost:5000/Home/ServiceDetail?id=622ccd66b082c200015becfa,4,0,0
1652278453038,137,Timers_Listerners_Assertions Controller,200,"Number of samples in transaction : 8, number of failing samples : 0",Timers_Listerners_Assertions 4-1,,true,,18498,6239,1,1,null,136,40090,1
